feature,importance
hour,0.006465394731236768
month,0.0023755621684960334
vehicle_score,0.5082417648929693
violation_score,0.3047656508457438
junction_factor,0.17815162736155402
